key,instantiation,title,nick,message,email,link
peep-01,2022/07/01 23:00,"Lorem ipsum dolor sit amet, consectetur adipiscing elit. Quisque porttitor.", "Una cadena de cincuenta caracteres como título.","Una cadena de cincuenta caracteres como título.","loquesea@gmail.com",https://www.us.es/ 
peep-02,2022/07/01 23:00,"Lorem ipsum dolor sit amet, consectetur adipiscing elit. Quisque porttitor", "Una cadena de cincuenta caracteres como título.","Una cadena de cincuenta caracteres como título.","loquesea@gmail.com",https://www.us.es/ 
peep-03,2022/07/01 23:00,"A", "Una cadena de cincuenta caracteres como título.","Una cadena de cincuenta caracteres como título.","loquesea@gmail.com",https://www.us.es/ 
peep-04,2022/07/01 23:00,"AB", "Una cadena de cincuenta caracteres como título.","Una cadena de cincuenta caracteres como título.","loquesea@gmail.com",https://www.us.es/
peep-05,2022/07/01 23:00,"Una cadena de cincuenta caracteres como título.", "Lorem ipsum dolor sit amet, consectetur adipiscing elit. Quisque porttitor.","Una cadena de cincuenta caracteres como título.","loquesea@gmail.com",https://www.us.es/
peep-06,2022/07/01 23:00,"Una cadena de cincuenta caracteres como título.", "Lorem ipsum dolor sit amet, consectetur adipiscing elit. Quisque porttitor","Una cadena de cincuenta caracteres como título.","loquesea@gmail.com",https://www.us.es/ 
peep-07,2022/07/01 23:00,"Una cadena de cincuenta caracteres como título.", "A","Una cadena de cincuenta caracteres como título.","loquesea@gmail.com",https://www.us.es/ 
peep-08,2022/07/01 23:00,"Una cadena de cincuenta caracteres como título.", "AB","Una cadena de cincuenta caracteres como título.","loquesea@gmail.com",https://www.us.es/ 
peep-09,2022/07/01 23:00,"Una cadena de cincuenta caracteres como título.", "Una cadena de cincuenta caracteres como título.","Lorem ipsum dolor sit amet, consectetur adipiscing elit. Sed non lorem tristique, hendrerit egestas.","loquesea@gmail.com",https://www.us.es/ 
peep-10,2022/07/01 23:00,"Una cadena de cincuenta caracteres como título.", "Una cadena de cincuenta caracteres como título.","Lorem ipsum dolor sit amet, consectetur adipiscing elit. Sed non lorem tristique, hendrerit egestas","loquesea@gmail.com",https://www.us.es/ 
peep-11,2022/07/01 23:00,"Una cadena de cincuenta caracteres como título.", "Una cadena de cincuenta caracteres como título.","A","loquesea@gmail.com",https://www.us.es/ 
peep-12,2022/07/01 23:00,"Una cadena de cincuenta caracteres como título.", "Una cadena de cincuenta caracteres como título.","AB","loquesea@gmail.com",https://www.us.es/ 
peep-13,2022/01/01 00:00,"Una cadena de cincuenta caracteres como título.", "Una cadena de cincuenta caracteres como título.","Una cadena de cincuenta caracteres como título.","loquesea@gmail.com",https://www.us.es/ 
peep-14,2022/06/30 23:59,"Una cadena de cincuenta caracteres como título.", "Una cadena de cincuenta caracteres como título.","Una cadena de cincuenta caracteres como título.","loquesea@gmail.com",https://www.us.es/  
peep-15,2020/02/29 23:00,"Una cadena de cincuenta caracteres como título.", "Una cadena de cincuenta caracteres como título.","Una cadena de cincuenta caracteres como título.","loquesea@gmail.com",https://www.us.es/ 
peep-16,2000/01/01 00:00,"Una cadena de cincuenta caracteres como título.", "Una cadena de cincuenta caracteres como título.","Una cadena de cincuenta caracteres como título.","loquesea@gmail.com",https://www.us.es/ 
